Path,Type,SizeKB,Category
"Assets/downloadedMaterial/TerrainStuff/TerrainAssets/SurfaceTextures/TL_myDirtDry.terrainlayer",.terrainlayer,0,Unused asset
"Assets/downloadedMaterial/TerrainStuff/TerrainAssets/Shaded Spectrum/Free Realistic Outdoor Materials/Textures/WetDirt/WetDirtAmbientOcclusionMap.png",.png,7972,Unused asset
"Assets/SourceFiles/Textures/Repeating Tiles/Tile_CheckerBoard_BW.png",.png,0,Unused asset
"Assets/Materials/Material_Simple_AquaMarine.mat",.mat,3,Unused asset
"Assets/TextMesh Pro/Shaders/TMPro.cginc",.cginc,2,Unused asset
"Assets/downloadedMaterial/ALP_Assets/country house01/Textures/WoodPlank01_N.png",.png,7980,Unused asset
"Assets/downloadedMaterial/textures/Concrete-4593.jpg",.jpg,11678,Unused asset
"Assets/SourceFiles/Animation/Moving_Platform.controller",.controller,1,Unused asset
"Assets/downloadedMaterial/IgniteCoders/Simple Water Shader/Prefabs/WaterBlock_50m.prefab",.prefab,2,Unused asset
"Assets/Screenshots/debug_panel.png",.png,807,Unused asset
"Assets/downloadedMaterial/ALP_Assets/country house01/Textures/OldHouseMapWood01_AO.png",.png,998,Unused asset
"Assets/TextMesh Pro/Shaders/TMP_SDF-Mobile Overlay.shader",.shader,7,Unused asset
"Assets/downloadedMaterial/TerrainStuff/TerrainAssets/Shaded Spectrum/Free Realistic Outdoor Materials/Materials/WoodPlanks.mat",.mat,4,Unused asset
"Assets/SourceFiles/Textures/Repeating Tiles/Candy_Normal.png",.png,98,Unused asset
"Assets/SourceFiles/Textures/Objects/SoundFX/SFX_AmbienceClose.ogg",.ogg,2576,Unused asset
"Assets/SourceFiles/VFX/SnowMaterial.mat",.mat,4,Unused asset
"Assets/TextMesh Pro/Shaders/TMP_SDF-Mobile-2-Pass.shader",.shader,11,Unused asset
"Assets/Prefabs/Collectible_Star.prefab",.prefab,4,Unused asset
"Assets/downloadedMaterial/Tree_Packs/URP_Tree_Pack/Doc/1_Readme.txt",.txt,0,Unused asset
"Assets/UI/Remaining_Collectibles_UI.prefab",.prefab,9,Unused asset
"Assets/downloadedMaterial/PolyOne/Rocks Stylized/Prefabs/SM_Rocks_08.prefab",.prefab,2,Unused asset
"Assets/Screenshots/postfx_off.png",.png,1134,Unused asset
"Assets/Materials/Material_Simple_Orange.mat",.mat,3,Unused asset
"Assets/SourceFiles/Textures/Repeating Tiles/Runes_Albedo.png",.png,115,Unused asset
"Assets/_Recovery/0.unity",.unity,66,Unused asset
"Assets/downloadedMaterial/TerrainStuff/TerrainAssets/Shaded Spectrum/Free Realistic Outdoor Materials/Textures/SmoothStone/SmoothStoneAmbientOcclusionMap.png",.png,7984,Unused asset
"Assets/downloadedMaterial/TerrainStuff/TerrainAssets/Shaded Spectrum/Free Realistic Outdoor Materials/Materials/WoodBark.mat",.mat,4,Unused asset
"Assets/downloadedMaterial/TerrainStuff/TerrainAssets/Shaded Spectrum/Free Realistic Outdoor Materials/Textures/WoodPlanks/WoodPlanksAmbientOcclusionMap.png",.png,7093,Unused asset
"Assets/New Terrain 2.asset",.asset,1912,Unused asset
"Assets/SourceFiles/Textures/Grid/Grid_01_BaseMap.png",.png,8,Unused asset
"Assets/downloadedMaterial/IgniteCoders/Simple Water Shader/Demo.unity",.unity,33,Unused asset
"Assets/Materials/Material_Simple_Pink.mat",.mat,3,Unused asset
"Assets/SourceFiles/Textures/Repeating Tiles/Circuit_Albedo.png",.png,81,Unused asset
"Assets/SourceFiles/Textures/Repeating Tiles/Candy_MetallicSmoothness.png",.png,31,Unused asset
"Assets/Screenshots/postfx_all.png",.png,1125,Unused asset
"Assets/downloadedMaterial/TerrainStuff/TerrainAssets/Shaded Spectrum/Free Realistic Outdoor Materials/Textures/WildGrass/WildGrassAmbientOcclusionMap.png",.png,6829,Unused asset
"Assets/Screenshots/confetti_preview-1.png",.png,635,Unused asset
"Assets/SourceFiles/Textures/Repeating Tiles/Tile_CheckerBoard_Albedo.png",.png,0,Unused asset
"Assets/TextMesh Pro/Shaders/TMP_SDF-URP Unlit.shadergraph",.shadergraph,270,Unused asset
"Assets/TextMesh Pro/Shaders/TMP_Bitmap.shader",.shader,3,Unused asset
"Assets/SourceFiles/VFX/RaindropTexture.png",.png,6,Unused asset
"Assets/downloadedMaterial/TerrainStuff/TerrainAssets/Shaded Spectrum/Free Realistic Outdoor Materials/Textures/WildGrass/WildGrassSpecularMap.png",.png,7677,Unused asset
"Assets/downloadedMaterial/TerrainStuff/TerrainAssets/Shaded Spectrum/Free Realistic Outdoor Materials/Textures/WoodBark/WoodBarkNormalMap.png",.png,25367,Unused asset
"Assets/Materials/Material_Simple_Green.mat",.mat,3,Unused asset
"Assets/downloadedMaterial/PolyOne/Rocks Stylized/Model/SM_Rocks_08.fbx",.fbx,28,Unused asset
"Assets/SourceFiles/Textures/Repeating Tiles/SandTrodden_Normal.tif",.tif,1024,Unused asset
"Assets/downloadedMaterial/TerrainStuff/TerrainAssets/Shaded Spectrum/Free Realistic Outdoor Materials/Textures/SmoothStone/SmoothStoneAlbedo.png",.png,13490,Unused asset
"Assets/SourceFiles/Models/Box_350x250x300_Mesh.fbx",.fbx,44,Unused asset
"Assets/Screenshots/postfx_all-1.png",.png,1107,Unused asset
"Assets/downloadedMaterial/ALP_Assets/country house01/Textures/WoodPlank01_R.png",.png,2104,Unused asset
"Assets/SourceFiles/Textures/Repeating Tiles/Tile_Hexagon_BW.png",.png,133,Unused asset
"Assets/SourceFiles/Models/Platform.FBX",.FBX,20,Unused asset
"Assets/New Terrain 4.asset",.asset,3427,Unused asset
"Assets/downloadedMaterial/ALP_Assets/country house01/Materials/BakeMat.mat",.mat,3,Unused asset
"Assets/downloadedMaterial/ALP_Assets/country house01/Models/Door01.fbx",.fbx,97,Unused asset
"Assets/downloadedMaterial/TerrainStuff/TerrainAssets/Shaded Spectrum/Free Realistic Outdoor Materials/README.pdf",.pdf,154,Unused asset
"Assets/downloadedMaterial/IgniteCoders/Simple Water Shader/Prefabs/WaterReflectionCamera.prefab",.prefab,3,Unused asset
"Assets/Screenshots/postfx_grayscale.png",.png,349,Unused asset
"Assets/downloadedMaterial/TerrainStuff/TerrainAssets/Shaded Spectrum/Free Realistic Outdoor Materials/Materials/WildGrass.mat",.mat,4,Unused asset
"Assets/TextMesh Pro/Shaders/TMP_SDF-URP Lit.shadergraph",.shadergraph,277,Unused asset
"Assets/TextMesh Pro/Shaders/TMPro_Mobile.cginc",.cginc,5,Unused asset
"Assets/SourceFiles/Textures/Repeating Tiles/Tile_NightSky.png",.png,45,Unused asset
"Assets/SourceFiles/Textures/Repeating Tiles/Circuit_Emission.png",.png,79,Unused asset
"Assets/downloadedMaterial/Tree_Packs/URP_Tree_Pack/Doc/2_Notices.txt",.txt,0,Unused asset
"Assets/downloadedMaterial/TerrainStuff/TerrainAssets/Shaded Spectrum/Free Realistic Outdoor Materials/Materials/RoughStone.mat",.mat,4,Unused asset
"Assets/SourceFiles/Textures/Repeating Tiles/Runes_Normal.png",.png,158,Unused asset
"Assets/downloadedMaterial/ALP_Assets/country house01/Textures/OldHouseMapWood02_N.png",.png,28997,Unused asset
"Assets/downloadedMaterial/ALP_Assets/country house01/Textures/DoorsMap01_AO.png",.png,465,Unused asset
"Assets/TextMesh Pro/Shaders/TMP_SDF SSD.shader",.shader,12,Unused asset
"Assets/SourceFiles/Textures/Repeating Tiles/SandWavey_Normal.tif",.tif,1024,Unused asset
"Assets/SourceFiles/Textures/Objects/SoundFX/Moving-Platform-2.ogg",.ogg,70,Unused asset
"Assets/downloadedMaterial/TerrainStuff/Stylized_HandpaintedStones_01/Stylized_HandpaintedStones_01_metallic.jpg",.jpg,193,Unused asset
"Assets/SourceFiles/Textures/Repeating Tiles/Tile_Hexagon_Albedo.png",.png,3,Unused asset
"Assets/SourceFiles/VFX/RaindropMaterial.mat",.mat,4,Unused asset
"Assets/SourceFiles/Textures/Repeating Tiles/Tile_Grass_height.png",.png,142,Unused asset
"Assets/downloadedMaterial/ALP_Assets/country house01/Textures/DoorsMap01_N.png",.png,15444,Unused asset
"Assets/Materials/Material_Simple_BlueLight.mat",.mat,3,Unused asset
"Assets/downloadedMaterial/TerrainStuff/TerrainAssets/Shaded Spectrum/Free Realistic Outdoor Materials/Textures/RoughStone/RoughStoneNormalMap.png",.png,24629,Unused asset
"Assets/downloadedMaterial/TerrainStuff/Water (Basic)/Textures/WaterBasicNighttimeGradient.psd",.psd,70,Unused asset
"Assets/downloadedMaterial/PolyOne/Rocks Stylized/Model/SM_Rocks_05.fbx",.fbx,37,Unused asset
"Assets/VFX/VFX_Rain.prefab",.prefab,113,Unused asset
"Assets/downloadedMaterial/TerrainStuff/TerrainAssets/Shaded Spectrum/Free Realistic Outdoor Materials/Textures/DryDirt/DryDirtAmbientOcclusionMap.png",.png,8304,Unused asset
"Assets/SourceFiles/Textures/Repeating Tiles/SandTroddenRed_Albedo.tif",.tif,1024,Unused asset
"Assets/downloadedMaterial/TerrainStuff/TerrainAssets/Shaded Spectrum/Free Realistic Outdoor Materials/Textures/WoodBark/WoodBarkAmbientOcclusionMap.png",.png,8539,Unused asset
"Assets/VFX/VFX_Fireflies.prefab",.prefab,115,Unused asset
"Assets/SourceFiles/Textures/Objects/Texture_Props.png",.png,56,Unused asset
"Assets/VFX/VFX_Snow.prefab",.prefab,114,Unused asset
"Assets/SourceFiles/Textures/Grid/Grid_01_Emissive.png",.png,8,Unused asset
"Assets/downloadedMaterial/TerrainStuff/TerrainAssets/Shaded Spectrum/Free Realistic Outdoor Materials/Textures/SmoothStone/SmoothStoneNormalMap.png",.png,24159,Unused asset
"Assets/Prefabs/Moving_Platform.prefab",.prefab,8,Unused asset
"Assets/downloadedMaterial/PolyOne/Rocks Stylized/Prefabs/SM_Rocks_10.prefab",.prefab,2,Unused asset
"Assets/SourceFiles/Textures/Repeating Tiles/FootPrintSand_Normal.png",.png,134,Unused asset
"Assets/downloadedMaterial/TerrainStuff/TerrainAssets/Shaded Spectrum/Free Realistic Outdoor Materials/Textures/DryDirt/DryDirtSpecularMap.png",.png,8909,Unused asset
"Assets/downloadedMaterial/TerrainStuff/TerrainAssets/Shaded Spectrum/Free Realistic Outdoor Materials/Materials/DryDirt.mat",.mat,4,Unused asset
"Assets/downloadedMaterial/ALP_Assets/country house01/Textures/WindowMap01_N.png",.png,13596,Unused asset
"Assets/SourceFiles/Settings/Postprocessing Profile.asset",.asset,2,Unused asset
"Assets/downloadedMaterial/ALP_Assets/country house01/Textures/OldHouseMapWood01.png",.png,31565,Unused asset
"Assets/Prefabs/Stairs.prefab",.prefab,3,Unused asset
"Assets/TextMesh Pro/Shaders/TMP_SDF-Surface-Mobile.shader",.shader,3,Unused asset
"Assets/Materials/myNewGold.mat",.mat,3,Unused asset
"Assets/SourceFiles/VFX/SimpleParticle_Mat.mat",.mat,4,Unused asset
"Assets/downloadedMaterial/TerrainStuff/Water (Basic)/Textures/WaterBasicNormals.jpg",.jpg,135,Unused asset
"Assets/Materials/Material_Simple_BlueDark.mat",.mat,3,Unused asset
"Assets/SourceFiles/Textures/Repeating Tiles/Moon_AO.png",.png,1434,Unused asset
"Assets/SourceFiles/Textures/Repeating Tiles/SandWavey_Albedo.tif",.tif,1024,Unused asset
"Assets/SourceFiles/Textures/Grid/Grid_01_Normal.png",.png,20,Unused asset
"Assets/downloadedMaterial/TerrainStuff/Water (Basic)/Materials/WaterBasicNighttime.mat",.mat,3,Unused asset
"Assets/SourceFiles/Textures/Repeating Tiles/GrassBushyThick_Albedo.tif",.tif,1024,Unused asset
"Assets/SourceFiles/Textures/Repeating Tiles/Tile_GrassFlowers.png",.png,166,Unused asset
"Assets/Screenshots/confetti_preview.png",.png,687,Unused asset
"Assets/Screenshots/debug_panel-3.png",.png,730,Unused asset
"Assets/downloadedMaterial/TerrainStuff/TerrainAssets/Shaded Spectrum/Free Realistic Outdoor Materials/Textures/RoughStone/RoughStoneAmbientOcclusionMap.png",.png,8248,Unused asset
"Assets/Skyboxes/SkyNight.mat",.mat,3,Unused asset
"Assets/downloadedMaterial/TerrainStuff/Stylized_HandpaintedStones_01/Stylized_HandpaintedStones_01_roughness.jpg",.jpg,193,Unused asset
"Assets/SourceFiles/Textures/Repeating Tiles/Circuit_MetallicSmoothness.png",.png,34,Unused asset
"Assets/Materials/Material_Runes.mat",.mat,3,Unused asset
"Assets/downloadedMaterial/PolyOne/Rocks Stylized/Model/SM_Rocks_07.fbx",.fbx,28,Unused asset
"Assets/Screenshots/debug_panel-4.png",.png,740,Unused asset
"Assets/downloadedMaterial/TerrainStuff/TerrainAssets/SurfaceTextures/GrassHillAlbedo.psd",.psd,795,Unused asset
"Assets/SourceFiles/Textures/Repeating Tiles/Tile_Hexagon_Grey_Albedo.png",.png,32,Unused asset
"Assets/SourceFiles/Fonts/Inter-Variable SDF.asset",.asset,5,Unused asset
"Assets/downloadedMaterial/ALP_Assets/country house01/Models/Doors.fbx",.fbx,42,Unused asset
"Assets/downloadedMaterial/ALP_Assets/country house01/Textures/OldHouseMapIndoorWall01.png",.png,24227,Unused asset
"Assets/downloadedMaterial/ALP_Assets/country house01/Textures/OldHouseMapIndoorWall01_N.png",.png,27484,Unused asset
"Assets/Audio/Background_Music_Ethereal.prefab",.prefab,3,Unused asset
"Assets/downloadedMaterial/ALP_Assets/country house01/Textures/OldHouseMapWood01_Green.png",.png,25825,Unused asset
"Assets/downloadedMaterial/PolyOne/Rocks Stylized/Prefabs/SM_Rocks_09.prefab",.prefab,2,Unused asset
"Assets/TextMesh Pro/Shaders/SDFFunctions.hlsl",.hlsl,5,Unused asset
"Assets/downloadedMaterial/ALP_Assets/country house01/Textures/DoorsMap01.png",.png,16800,Unused asset
"Assets/downloadedMaterial/ALP_Assets/country house01/Textures/glass_N.tga",.tga,4096,Unused asset
"Assets/downloadedMaterial/TerrainStuff/TerrainAssets/Shaded Spectrum/Free Realistic Outdoor Materials/Textures/WildGrass/WildGrassDisplacementMap.png",.png,6512,Unused asset
"Assets/downloadedMaterial/Houidisoft technology/Simple water/UnityLesson_CreateaMinimap.md",.md,1,Unused asset
"Assets/SourceFiles/Textures/Repeating Tiles/FootPrint_Normal.png",.png,18,Unused asset
"Assets/SourceFiles/Models/Box_350x250x200_Mesh.fbx",.fbx,43,Unused asset
"Assets/Materials/Material_SandWavey.mat",.mat,3,Unused asset
"Assets/TextMesh Pro/Shaders/TMP_SDF-HDRP UNLIT.shadergraph",.shadergraph,273,Unused asset
"Assets/Materials/Material_Moon.mat",.mat,3,Unused asset
"Assets/SourceFiles/Models/Star.FBX",.FBX,16,Unused asset
"Assets/downloadedMaterial/ALP_Assets/country house01/Textures/Ceiling01.png",.png,8720,Unused asset
"Assets/downloadedMaterial/PolyOne/Rocks Stylized/Model/SM_Rocks_04.fbx",.fbx,48,Unused asset
"Assets/SourceFiles/Textures/Repeating Tiles/FootPrintSand_Albedo.png",.png,37,Unused asset
"Assets/downloadedMaterial/ALP_Assets/country house01/DemoScene/DemoScene/LightingData.asset",.asset,6015,Unused asset
"Assets/SourceFiles/Textures/Repeating Tiles/Tile_Hexagon_AO.png",.png,199,Unused asset
"Assets/Materials/Material_HexagonBlue.mat",.mat,3,Unused asset
"Assets/Materials/Material_Simple_Yellow.mat",.mat,3,Unused asset
"Assets/miniMap/minMap_big.renderTexture",.renderTexture,0,Unused asset
"Assets/Materials/Material_SandLumpy.mat",.mat,3,Unused asset
"Assets/downloadedMaterial/PolyOne/Rocks Stylized/Prefabs/SM_Rocks_05.prefab",.prefab,2,Unused asset
"Assets/SourceFiles/Models/CubeHollow.FBX",.FBX,18,Unused asset
"Assets/downloadedMaterial/TerrainStuff/Stylized_HandpaintedStones_01/Stylized_HandpaintedStones_01_normalogl.jpg",.jpg,1111,Unused asset
"Assets/SourceFiles/Textures/Skyboxes/SkyNight.png",.png,1324,Unused asset
"Assets/downloadedMaterial/TerrainStuff/TerrainAssets/Shaded Spectrum/Free Realistic Outdoor Materials/Materials/ShortGrass.mat",.mat,4,Unused asset
"Assets/SourceFiles/Textures/Repeating Tiles/Tile_Hexagon_normal.png",.png,560,Unused asset
"Assets/SourceFiles/Textures/Skyboxes/SkySunSet.png",.png,2315,Unused asset
"Assets/downloadedMaterial/ALP_Assets/country house01/Materials/Glass.mat",.mat,3,Unused asset
"Assets/Screenshots/debug_panel-2.png",.png,730,Unused asset
"Assets/downloadedMaterial/ALP_Assets/country house01/Textures/glass_S.tga",.tga,4096,Unused asset
"Assets/TextMesh Pro/Shaders/TMP_SDF-Surface.shader",.shader,4,Unused asset
"Assets/TextMesh Pro/Shaders/TMP_Bitmap-Custom-Atlas.shader",.shader,3,Unused asset
"Assets/downloadedMaterial/ALP_Assets/country house01/Textures/Glass.png",.png,219,Unused asset
"Assets/TextMesh Pro/Shaders/TMP_SDF.shader",.shader,10,Unused asset
"Assets/SourceFiles/VFX/GlowTexture.png",.png,180,Unused asset
"Assets/Screenshots/debug_panel-1.png",.png,654,Unused asset
"Assets/Materials/Material_HexagonPurple.mat",.mat,3,Unused asset
"Assets/TextMesh Pro/Shaders/TMP_SDF-Mobile SSD.shader",.shader,2,Unused asset
"Assets/SourceFiles/Textures/Repeating Tiles/Circuit_Normal.png",.png,54,Unused asset
"Assets/downloadedMaterial/TerrainStuff/TerrainAssets/Shaded Spectrum/Free Realistic Outdoor Materials/Textures/RoughStone/RoughStoneAlbedo.png",.png,16308,Unused asset
"Assets/Audio/Background_Music_Action.prefab",.prefab,3,Unused asset
"Assets/downloadedMaterial/TerrainStuff/TerrainAssets/Shaded Spectrum/Free Realistic Outdoor Materials/Textures/WoodPlanks/WoodPlanksDisplacementMap.png",.png,7057,Unused asset
"Assets/downloadedMaterial/ALP_Assets/country house01/Models/Materials/Metal01.mat",.mat,3,Unused asset
"Assets/TextMesh Pro/Shaders/TMPro_Properties.cginc",.cginc,2,Unused asset
"Assets/SourceFiles/Materials/Lamp_Mat.mat",.mat,3,Unused asset
"Assets/downloadedMaterial/ALP_Assets/country house01/Prefabs/DoorWoodenOld.prefab",.prefab,12,Unused asset
"Assets/downloadedMaterial/TerrainStuff/TerrainAssets/Shaded Spectrum/Free Realistic Outdoor Materials/Textures/ShortGrass/ShortGrassAmbientOcclusionMap.png",.png,8093,Unused asset
"Assets/downloadedMaterial/ALP_Assets/country house01/Materials/WindowMap01.mat",.mat,3,Unused asset
"Assets/downloadedMaterial/PolyOne/Rocks Stylized/Model/SM_Rocks_11.fbx",.fbx,28,Unused asset
"Assets/downloadedMaterial/TerrainStuff/Stylized_HandpaintedStones_01/Stylized_HandpaintedStones_01_basecolor.jpg",.jpg,620,Unused asset
"Assets/SourceFiles/Fonts/Inter-Variable.ttf",.ttf,854,Unused asset
"Assets/Materials/Material_Checkerboard.mat",.mat,3,Unused asset
"Assets/downloadedMaterial/TerrainStuff/TerrainAssets/Shaded Spectrum/Free Realistic Outdoor Materials/Textures/RoughStone/RoughStoneSpecularMap.png",.png,8865,Unused asset
"Assets/Materials/Material_Candy.mat",.mat,3,Unused asset
"Assets/downloadedMaterial/ALP_Assets/country house01/Materials/OldHouseMapIndoorWall01.mat",.mat,3,Unused asset
"Assets/TextMesh Pro/Shaders/TMPro_Surface.cginc",.cginc,3,Unused asset
"Assets/SourceFiles/Textures/Grid/Grid_02_BaseMap.png",.png,20,Unused asset
"Assets/downloadedMaterial/TerrainStuff/Stylized_HandpaintedStones_01/TL_stylizedStones.terrainlayer",.terrainlayer,0,Unused asset
"Assets/Skyboxes/SkySunset.mat",.mat,3,Unused asset
"Assets/downloadedMaterial/TerrainStuff/TerrainAssets/SurfaceTextures/dirtSeamless.jpg",.jpg,1108,Unused asset
"Assets/downloadedMaterial/ALP_Assets/country house01/DemoScene/DemoScene.unity",.unity,17,Unused asset
"Assets/downloadedMaterial/Tree_Packs/URP_Tree_Pack/Textures/Global/501-free-hdri-skies-com.hdr",.hdr,5830,Unused asset
"Assets/downloadedMaterial/TerrainStuff/Stylized_HandpaintedStones_01/Stylized_HandpaintedStones_01_ambientocclusion.jpg",.jpg,193,Unused asset
"Assets/Screenshots/postfx_on.png",.png,1159,Unused asset
"Assets/SourceFiles/VFX/SnowTexture.png",.png,60,Unused asset
"Assets/SourceFiles/Textures/Objects/SoundFX/SFX_PositiveSound01.ogg",.ogg,59,Unused asset
"Assets/Materials/Material_GoldGlow.mat",.mat,3,Unused asset
"Assets/downloadedMaterial/ALP_Assets/country house01/DemoScene/DemoScene/ReflectionProbe-0.exr",.exr,164,Unused asset
"Assets/New Terrain 1.asset",.asset,1912,Unused asset
"Assets/downloadedMaterial/TerrainStuff/TerrainAssets/Shaded Spectrum/Free Realistic Outdoor Materials/Textures/SmoothStone/SmoothStoneSpecularMap.png",.png,8638,Unused asset
"Assets/Materials/Material_Simple_Red.mat",.mat,3,Unused asset
"Assets/downloadedMaterial/TerrainStuff/TerrainAssets/Shaded Spectrum/Free Realistic Outdoor Materials/Textures/SmoothStone/SmoothStoneDisplacementMap.png",.png,7891,Unused asset
"Assets/downloadedMaterial/ALP_Assets/country house01/Textures/Ceiling01_N.png",.png,7538,Unused asset
"Assets/downloadedMaterial/ALP_Assets/country house01/Prefabs/House_Green_Prefab.prefab",.prefab,126,Unused asset
"Assets/downloadedMaterial/ALP_Assets/country house01/Prefabs/Door03_pr.prefab",.prefab,3,Unused asset
"Assets/SourceFiles/VFX/GlowMaterial.mat",.mat,4,Unused asset
"Assets/SourceFiles/Textures/Objects/SoundFX/Ambient_Sci-Fi.ogg",.ogg,221,Unused asset
"Assets/SourceFiles/Textures/Repeating Tiles/Tile_CheckerBoard_normal.png",.png,1,Unused asset
"Assets/downloadedMaterial/Tree_Packs/URP_Tree_Pack/Settings/Global Volume Profile.asset",.asset,5,Unused asset
"Assets/TextMesh Pro/Shaders/TMP_SDF-HDRP LIT.shadergraph",.shadergraph,280,Unused asset
"Assets/Materials/Material_GrassFlowers.mat",.mat,2,Unused asset
"Assets/SourceFiles/Textures/Objects/SoundFX/Music_Exciting.ogg",.ogg,663,Unused asset
"Assets/downloadedMaterial/TerrainStuff/Stylized_HandpaintedStones_01/Stylized_HandpaintedStones_01_normal.jpg",.jpg,1103,Unused asset
"Assets/SourceFiles/Textures/Repeating Tiles/Circuit_Albedo.mat",.mat,3,Unused asset
"Assets/downloadedMaterial/ALP_Assets/country house01/Prefabs/Door02_pr.prefab",.prefab,8,Unused asset
"Assets/downloadedMaterial/ALP_Assets/country house01/Prefabs/House_Prefab.prefab",.prefab,126,Unused asset
"Assets/downloadedMaterial/TerrainStuff/TerrainAssets/Shaded Spectrum/Free Realistic Outdoor Materials/Textures/WetDirt/WetDirtSpecularMap.png",.png,8363,Unused asset
"Assets/downloadedMaterial/TerrainStuff/TerrainAssets/Shaded Spectrum/Free Realistic Outdoor Materials/Textures/DryDirt/DryDirtDisplacementMap.png",.png,7946,Unused asset
"Assets/Materials/Material_Stripes.mat",.mat,3,Unused asset
"Assets/downloadedMaterial/PolyOne/Rocks Stylized/Prefabs/SM_Rocks_07.prefab",.prefab,2,Unused asset
"Assets/downloadedMaterial/TerrainStuff/Water (Basic)/Prefabs/WaterBasicNightime.prefab",.prefab,2,Unused asset
"Assets/downloadedMaterial/Tree_Packs/URP_Tree_Pack/Textures/Global/Floor.mat",.mat,3,Unused asset
"Assets/downloadedMaterial/ALP_Assets/country house01/PostProcess/PostProcessVolumeProfile.asset",.asset,23,Unused asset
"Assets/downloadedMaterial/ALP_Assets/country house01/Textures/Metal01_N.png",.png,441,Unused asset
"Assets/SourceFiles/Textures/Repeating Tiles/GrassBushyThick_Normal.tif",.tif,1024,Unused asset
"Assets/downloadedMaterial/TerrainStuff/TerrainAssets/Shaded Spectrum/Free Realistic Outdoor Materials/Textures/WetDirt/WetDirtDisplacementMap.png",.png,7320,Unused asset
"Assets/downloadedMaterial/ALP_Assets/country house01/Textures/Metal01.png",.png,610,Unused asset
"Assets/downloadedMaterial/PolyOne/Rocks Stylized/Model/SM_Rocks_09.fbx",.fbx,29,Unused asset
"Assets/Prefabs/NewCoin.prefab",.prefab,4,Unused asset
"Assets/Materials/Material_WhiteGrid.mat",.mat,3,Unused asset
"Assets/downloadedMaterial/TerrainStuff/TerrainAssets/Shaded Spectrum/Free Realistic Outdoor Materials/Textures/WoodPlanks/WoodPlanksAlbedo.png",.png,12769,Unused asset
"Assets/downloadedMaterial/PolyOne/Rocks Stylized/Scene/Demo_Rocks Stylized.unity",.unity,48,Unused asset
"Assets/downloadedMaterial/ALP_Assets/country house01/Models/House.fbx",.fbx,216,Unused asset
"Assets/SourceFiles/Textures/Repeating Tiles/Tile_NightSky_Emissive.png",.png,4,Unused asset
"Assets/downloadedMaterial/TerrainStuff/TerrainAssets/Shaded Spectrum/Free Realistic Outdoor Materials/Textures/WoodBark/WoodBarkAlbedo.png",.png,16388,Unused asset
"Assets/Materials/Blue.mat",.mat,3,Unused asset
"Assets/Audio/Background_Music_Suspenseful.prefab",.prefab,3,Unused asset
"Assets/downloadedMaterial/TerrainStuff/Stylized_HandpaintedStones_01/Stylized_HandpaintedStones_01_height.jpg",.jpg,497,Unused asset
"Assets/downloadedMaterial/ALP_Assets/country house01/Textures/OldHouseMapWood01_N.png",.png,9151,Unused asset
"Assets/downloadedMaterial/TerrainStuff/TerrainAssets/Shaded Spectrum/Free Realistic Outdoor Materials/Textures/WoodPlanks/WoodPlanksNormalMap.png",.png,21461,Unused asset
"Assets/downloadedMaterial/PolyOne/Rocks Stylized/Prefabs/SM_Rocks_04.prefab",.prefab,2,Unused asset
"Assets/Prefabs/Wall_Light_Right.prefab",.prefab,6,Unused asset
"Assets/downloadedMaterial/ALP_Assets/country house01/Models/Materials/WoodPlank01.mat",.mat,3,Unused asset
"Assets/downloadedMaterial/TerrainStuff/TerrainAssets/Shaded Spectrum/Free Realistic Outdoor Materials/Textures/ShortGrass/ShortGrassAlbedo.png",.png,16295,Unused asset
"Assets/downloadedMaterial/ALP_Assets/country house01/Textures/WoodPlank01_AO.png",.png,1357,Unused asset
"Assets/downloadedMaterial/Tree_Packs/URP_Tree_Pack/Settings/SampleSceneProfile.asset",.asset,2,Unused asset
"Assets/SourceFiles/Textures/Repeating Tiles/Moon_Normal.png",.png,28138,Unused asset
"Assets/TextMesh Pro/Shaders/TMP_SDF-Mobile Masking.shader",.shader,8,Unused asset
"Assets/downloadedMaterial/TerrainStuff/TerrainAssets/Shaded Spectrum/Free Realistic Outdoor Materials/Textures/ShortGrass/ShortGrassDisplacementMap.png",.png,7947,Unused asset
"Assets/SourceFiles/Textures/Repeating Tiles/Moon_height.png",.png,5160,Unused asset
"Assets/downloadedMaterial/TerrainStuff/TerrainAssets/Shaded Spectrum/Free Realistic Outdoor Materials/Materials/SmoothStone.mat",.mat,4,Unused asset
"Assets/downloadedMaterial/ALP_Assets/country house01/Materials/OldHouseMapWood02.mat",.mat,3,Unused asset
"Assets/downloadedMaterial/Tree_Packs/URP_Tree_Pack/Textures/Global/IBL_Sky.mat",.mat,3,Unused asset
"Assets/downloadedMaterial/ALP_Assets/country house01/Materials/OldHouseMapWoodGreen.mat",.mat,3,Unused asset
"Assets/downloadedMaterial/ALP_Assets/country house01/Prefabs/Door01_pr.prefab",.prefab,8,Unused asset
"Assets/downloadedMaterial/TerrainStuff/TerrainAssets/Shaded Spectrum/Free Realistic Outdoor Materials/Textures/WildGrass/WildGrassAlbedo.png",.png,12701,Unused asset
"Assets/downloadedMaterial/TerrainStuff/TerrainAssets/Shaded Spectrum/Free Realistic Outdoor Materials/Textures/WildGrass/WildGrassNormalMap.png",.png,20627,Unused asset
"Assets/Prefabs/Wall_Light_Left.prefab",.prefab,6,Unused asset
"Assets/downloadedMaterial/TerrainStuff/TerrainAssets/Shaded Spectrum/Free Realistic Outdoor Materials/Textures/WoodBark/WoodBarkDisplacementMap.png",.png,8175,Unused asset
"Assets/downloadedMaterial/TerrainStuff/TerrainAssets/Shaded Spectrum/Free Realistic Outdoor Materials/Textures/RoughStone/RoughStoneDisplacementMap.png",.png,8032,Unused asset
"Assets/downloadedMaterial/TerrainStuff/Water (Basic)/Shaders/FXWaterBasic.shader",.shader,1,Unused asset
"Assets/downloadedMaterial/ALP_Assets/country house01/Materials/OldHouseMapWood01.mat",.mat,3,Unused asset
"Assets/downloadedMaterial/ALP_Assets/country house01/Models/Materials/DoorsMap01.mat",.mat,3,Unused asset
"Assets/SourceFiles/Textures/Repeating Tiles/Runes_Emission.png",.png,19,Unused asset
"Assets/TextMesh Pro/Shaders/TMP_SDF Overlay.shader",.shader,10,Unused asset
"Assets/downloadedMaterial/TerrainStuff/TerrainAssets/Shaded Spectrum/Free Realistic Outdoor Materials/Textures/ShortGrass/ShortGrassSpecularMap.png",.png,8775,Unused asset
"Assets/SourceFiles/Textures/Objects/SoundFX/Music_Ethereal.ogg",.ogg,1570,Unused asset
"Assets/downloadedMaterial/ALP_Assets/country house01/Textures/WindowMap01.png",.png,13369,Unused asset
"Assets/SourceFiles/VFX/VFX_FloatUp.prefab",.prefab,116,Unused asset
"Assets/SourceFiles/Textures/Repeating Tiles/Candy_Albedo.png",.png,116,Unused asset
"Assets/SourceFiles/Textures/Repeating Tiles/FootPrint_Opt.png",.png,13,Unused asset
"Assets/TextMesh Pro/Shaders/TMP_Bitmap-Mobile.shader",.shader,3,Unused asset
"Assets/SourceFiles/Textures/Objects/SoundFX/Music_Suspenseful.ogg",.ogg,3773,Unused asset
"Assets/SourceFiles/Textures/Repeating Tiles/Moon_Albedo.png",.png,6956,Unused asset
"Assets/downloadedMaterial/TerrainStuff/TerrainAssets/Shaded Spectrum/Free Realistic Outdoor Materials/Textures/WoodBark/WoodBarkSpecularMap.png",.png,9173,Unused asset
"Assets/TextMesh Pro/Fonts/LiberationSans - OFL.txt",.txt,4,Unused asset
"Assets/SourceFiles/Models/Stairs_650_400_300_Mesh.fbx",.fbx,81,Unused asset
"Assets/Prefabs/Collectible.prefab",.prefab,3,Unused asset
"Assets/Materials/Material_Circuits.mat",.mat,2,Unused asset
"Assets/downloadedMaterial/PolyOne/Rocks Stylized/Prefabs/SM_Rocks_11.prefab",.prefab,2,Unused asset
"Assets/downloadedMaterial/TerrainStuff/Water (Basic)/Models/WaterBasicPlane.fbx",.fbx,19,Unused asset
"Assets/downloadedMaterial/ALP_Assets/country house01/Textures/WoodPlank01.png",.png,7064,Unused asset
"Assets/SourceFiles/Animation/Moving_Platform.anim",.anim,7,Unused asset
"Assets/Audio/Background_Ambient_Wind.prefab",.prefab,3,Unused asset
"Assets/SourceFiles/Textures/Repeating Tiles/Boardwalk_Stripes_Albedo.png",.png,0,Unused asset
"Assets/downloadedMaterial/TerrainStuff/TerrainAssets/Shaded Spectrum/Free Realistic Outdoor Materials/Textures/WoodPlanks/WoodPlanksSpecularMap.png",.png,7802,Unused asset
"Assets/downloadedMaterial/PolyOne/Rocks Stylized/Model/SM_Rocks_10.fbx",.fbx,28,Unused asset
"Assets/downloadedMaterial/ALP_Assets/country house01/Materials/New Material.mat",.mat,3,Unused asset
"Assets/Materials/Material_Grass.mat",.mat,3,Unused asset
"Assets/SourceFiles/Textures/Repeating Tiles/Tile_Sky.png",.png,44,Unused asset
"Assets/Audio/Background_Ambient_Sci-Fi.prefab",.prefab,3,Unused asset
"Assets/Materials/Material_Stars.mat",.mat,3,Unused asset
"Assets/downloadedMaterial/ALP_Assets/country house01/Textures/Ceiling01_AO.png",.png,53,Unused asset
"Assets/downloadedMaterial/ALP_Assets/country house01/Prefabs/Door04_pr.prefab",.prefab,8,Unused asset
"Assets/downloadedMaterial/ALP_Assets/country house01/Textures/OldHouseMapWood02.png",.png,25702,Unused asset
"Assets/downloadedMaterial/Tree_Packs/URP_Tree_Pack/Scene/URP_Tree_Model_Sample.unity",.unity,22,Unused asset
"Assets/downloadedMaterial/TerrainStuff/TerrainAssets/Shaded Spectrum/Free Realistic Outdoor Materials/Demo/DemoScene.unity",.unity,30,Unused asset
"Assets/downloadedMaterial/PolyOne/Rocks Stylized/Materials/Plane_M.mat",.mat,3,Unused asset
"Assets/downloadedMaterial/TerrainStuff/TerrainAssets/Shaded Spectrum/Free Realistic Outdoor Materials/Textures/ShortGrass/ShortGrassNormalMap.png",.png,24825,Unused asset
"Assets/downloadedMaterial/ALP_Assets/country house01/Materials/Ceiling01.mat",.mat,3,Unused asset
"Assets/TextMesh Pro/Shaders/TMP_Sprite.shader",.shader,3,Unused asset
"Assets/downloadedMaterial/TerrainStuff/TerrainAssets/Shaded Spectrum/Free Realistic Outdoor Materials/Materials/WetDirt.mat",.mat,4,Unused asset
"Assets/SourceFiles/Scripts/UpdateCollectibleCount.cs",.cs,0,Script not referenced (review)
"Assets/downloadedMaterial/Tree_Packs/URP_Tree_Pack/Scripts/Tree_Packs.cs",.cs,0,Script not referenced (review)
"Assets/scripts/HelloWorld.cs",.cs,0,Script not referenced (review)
"Assets/SourceFiles/Scripts/Pickup.cs",.cs,0,Script not referenced (review)
"Assets/SourceFiles/Scripts/MotionAudioController.cs",.cs,0,Script not referenced (review)
"Assets/downloadedMaterial/TerrainStuff/Water (Basic)/Scripts/WaterBasic.cs",.cs,0,Script not referenced (review)
